,Trace Stat,Critical Val (5%)
0,231.74955344774745,69.8189
1,149.90336956070166,47.8545
2,85.20360362224504,29.7961
3,52.78414017258942,15.4943
4,23.27325830264579,3.8415
