location_name,Volatility,Heat_Risk,Score
Cirebon,0.7430719141119508,1.0,0.8458431484671705
Depok,0.8197204524729512,0.739418836949427,0.7875998062635415
Kab. Cirebon,0.7190538318598132,0.8814842019211289,0.7840259798843394
Tasikmalaya,1.0,0.20911209627404848,0.6836448385096194
Kab. Tasikmalaya,0.9169763497523922,0.20192814666209322,0.6309570685162725
Bogor,0.6242841761820775,0.5608140406019668,0.5988961219500333
Bekasi,0.3495425249823841,0.8644029142920094,0.5554866807062343
Jawa Barat,0.6743148565169589,0.0,0.4045889139101753
Sukabumi,0.5994913998862079,0.08218114770817654,0.3925672990149954
Jakarta Pusat,0.0,0.8737441010800651,0.349497640432026
DKI Jakarta,0.0,0.869459164479378,0.34778366579175124
Bandung,0.4278053222393865,3.3311888167881065e-05,0.25669651809889904
