,mean,std,min,50%,max
price,54815.73049840292,4563.058507936819,48090.99616858237,54701.547303271436,63067.307692307695
name,1786.7,2159.775762537501,47.0,1010.0,6918.0
betweenness,6.019384081763836e-11,1.3473604643646417e-10,0.0,0.0,3.970220046428706e-10
connectivity,1786.7,2159.775762537501,47.0,1010.0,6918.0
weather_risk,48.89330417347594,32.61318918394132,8.1641753610882,41.68991902937525,96.48805956015418
production_capacity,499.01201871450223,315.631161687649,3.9923573482802954,478.61546483693746,954.1087225889202
